{"cameraMode":{"drawMode":0,"name":"Shaded","section":"Shading Mode"},"sceneLighting":false,"audioPlay":false,"sceneViewState":{"showFog":true,"showMaterialUpdate":false,"showSkybox":false,"showFlares":true,"showImageEffects":true,"showParticleSystems":true},"in2DMode":false,"pivot":{"x":4.76837158203125e-7,"y":2.000000238418579,"z":0.04501514136791229},"rotation":{"x":-0.02666473388671875,"y":-0.9670267105102539,"z":0.12163034081459046,"w":-0.2232508510351181},"size":2.8361973762512209,"orthographic":false}