{"cameraMode":{"drawMode":0,"name":"Shaded","section":"Shading Mode"},"sceneLighting":false,"audioPlay":false,"sceneViewState":{"showFog":true,"showMaterialUpdate":false,"showSkybox":false,"showFlares":true,"showImageEffects":true,"showParticleSystems":true},"in2DMode":false,"pivot":{"x":-0.5880308151245117,"y":-19.639148712158204,"z":0.8141880035400391},"rotation":{"x":0.01675880327820778,"y":-0.9806909561157227,"z":0.0983172282576561,"w":0.16846658289432527},"size":18.4752140045166,"orthographic":false}