{"cameraMode":{"drawMode":0,"name":"Shaded","section":"Shading Mode"},"sceneLighting":false,"audioPlay":false,"sceneViewState":{"showFog":true,"showMaterialUpdate":false,"showSkybox":false,"showFlares":true,"showImageEffects":true,"showParticleSystems":true},"in2DMode":false,"pivot":{"x":-0.000004291534423828125,"y":1.999999761581421,"z":0.000009059906005859375},"rotation":{"x":0.13840842247009278,"y":0.20375487208366395,"z":-0.029085198417305948,"w":0.9687952995300293},"size":8.727031707763672,"orthographic":false}