{"cameraMode":{"drawMode":0,"name":"Shaded","section":"Shading Mode"},"sceneLighting":true,"audioPlay":false,"sceneViewState":{"showFog":true,"showMaterialUpdate":false,"showSkybox":false,"showFlares":true,"showImageEffects":true,"showParticleSystems":true},"in2DMode":false,"pivot":{"x":-0.039999961853027347,"y":1.6700000762939454,"z":0.49321460723876955},"rotation":{"x":-0.0001448385010007769,"y":0.9829164147377014,"z":-0.0008869408047758043,"w":-0.18433596193790437},"size":10.340124130249024,"orthographic":false}