{"cameraMode":{"drawMode":0,"name":"Shaded","section":"Shading Mode"},"sceneLighting":false,"audioPlay":false,"sceneViewState":{"showFog":true,"showMaterialUpdate":false,"showSkybox":false,"showFlares":true,"showImageEffects":true,"showParticleSystems":true},"in2DMode":false,"pivot":{"x":-5.960464477539063e-8,"y":0.07919308543205261,"z":4.76837158203125e-7},"rotation":{"x":-0.04258294403553009,"y":-0.9314621090888977,"z":0.1201741173863411,"w":-0.34148114919662478},"size":2.829535484313965,"orthographic":false}