{"cameraMode":{"drawMode":0,"name":"Shaded","section":"Shading Mode"},"sceneLighting":false,"audioPlay":false,"sceneViewState":{"showFog":true,"showMaterialUpdate":false,"showSkybox":false,"showFlares":true,"showImageEffects":true,"showParticleSystems":true},"in2DMode":false,"pivot":{"x":44.763526916503909,"y":13.906923294067383,"z":-73.19549560546875},"rotation":{"x":0.00892852246761322,"y":-0.9864976406097412,"z":-0.05839214846491814,"w":-0.15302923321723939},"size":18.252634048461915,"orthographic":false}