{"cameraMode":{"drawMode":0,"name":"Shaded","section":"Shading Mode"},"sceneLighting":false,"audioPlay":false,"sceneViewState":{"showFog":true,"showMaterialUpdate":false,"showSkybox":false,"showFlares":true,"showImageEffects":true,"showParticleSystems":true},"in2DMode":false,"pivot":{"x":24.413618087768556,"y":1.3948596715927125,"z":-4.836360454559326},"rotation":{"x":-0.04978938400745392,"y":-0.7955310344696045,"z":0.07730816304683685,"w":-0.5995379686355591},"size":2.533923864364624,"orthographic":false}