{"cameraMode":{"drawMode":0,"name":"Shaded","section":"Shading Mode"},"sceneLighting":false,"audioPlay":false,"sceneViewState":{"showFog":true,"showMaterialUpdate":false,"showSkybox":false,"showFlares":true,"showImageEffects":true,"showParticleSystems":true},"in2DMode":false,"pivot":{"x":-30.968177795410158,"y":7.221557140350342,"z":0.6354113817214966},"rotation":{"x":-0.07754006236791611,"y":-0.7981006503105164,"z":0.10861865431070328,"w":-0.5880022644996643},"size":0.31900981068611147,"orthographic":false}