{"cameraMode":{"drawMode":0,"name":"Shaded","section":"Shading Mode"},"sceneLighting":false,"audioPlay":false,"sceneViewState":{"showFog":true,"showMaterialUpdate":false,"showSkybox":false,"showFlares":true,"showImageEffects":true,"showParticleSystems":true},"in2DMode":false,"pivot":{"x":4.0,"y":1.999999761581421,"z":2.384185791015625e-7},"rotation":{"x":0.13840842247009278,"y":0.20375487208366395,"z":-0.029085198417305948,"w":0.9687952995300293},"size":4.609641075134277,"orthographic":false}