{"cameraMode":{"drawMode":0,"name":"Shaded","section":"Shading Mode"},"sceneLighting":true,"audioPlay":false,"sceneViewState":{"showFog":true,"showMaterialUpdate":false,"showSkybox":false,"showFlares":true,"showImageEffects":true,"showParticleSystems":true},"in2DMode":false,"pivot":{"x":-0.11999988555908203,"y":1.760000228881836,"z":0.7300000190734863},"rotation":{"x":0.013559602200984955,"y":0.9146937131881714,"z":0.03073921427130699,"w":-0.4028790593147278},"size":10.340124130249024,"orthographic":false}