{"cameraMode":{"drawMode":0,"name":"Shaded","section":"Shading Mode"},"sceneLighting":false,"audioPlay":false,"sceneViewState":{"showFog":true,"showMaterialUpdate":false,"showSkybox":false,"showFlares":true,"showImageEffects":true,"showParticleSystems":true},"in2DMode":false,"pivot":{"x":0.0,"y":1.100000023841858,"z":0.14933307468891145},"rotation":{"x":0.031881269067525867,"y":-0.9292720556259155,"z":0.3587246239185333,"w":0.08275499939918518},"size":2.2874221801757814,"orthographic":false}