{"cameraMode":{"drawMode":0,"name":"Shaded","section":"Shading Mode"},"sceneLighting":false,"audioPlay":false,"sceneViewState":{"showFog":true,"showMaterialUpdate":false,"showSkybox":false,"showFlares":true,"showImageEffects":true,"showParticleSystems":true},"in2DMode":false,"pivot":{"x":-28.05738067626953,"y":7.210068702697754,"z":0.6369923949241638},"rotation":{"x":-0.07754006236791611,"y":-0.7981006503105164,"z":0.10861865431070328,"w":-0.5880022644996643},"size":0.2583332359790802,"orthographic":false}