{"cameraMode":{"drawMode":0,"name":"Shaded","section":"Shading Mode"},"sceneLighting":false,"audioPlay":false,"sceneViewState":{"showFog":true,"showMaterialUpdate":false,"showSkybox":false,"showFlares":true,"showImageEffects":true,"showParticleSystems":true},"in2DMode":false,"pivot":{"x":-1.4053473472595215,"y":3.0870165824890138,"z":2.0604248046875},"rotation":{"x":-0.07009018957614899,"y":-0.8822886347770691,"z":0.14401720464229585,"w":-0.4432161748409271},"size":2.4022176265716554,"orthographic":false}