{"cameraMode":{"drawMode":0,"name":"Shaded","section":"Shading Mode"},"sceneLighting":false,"audioPlay":false,"sceneViewState":{"showFog":true,"showMaterialUpdate":false,"showSkybox":false,"showFlares":true,"showImageEffects":true,"showParticleSystems":true},"in2DMode":false,"pivot":{"x":0.0036632418632507326,"y":-1.0848757028579713,"z":0.5524775981903076},"rotation":{"x":0.10227907449007034,"y":0.3698727786540985,"z":-0.04097447916865349,"w":0.9225680232048035},"size":1.5615917444229127,"orthographic":false}