{"cameraMode":{"drawMode":0,"name":"Shaded","section":"Shading Mode"},"sceneLighting":false,"audioPlay":false,"sceneViewState":{"showFog":true,"showMaterialUpdate":false,"showSkybox":false,"showFlares":true,"showImageEffects":true,"showParticleSystems":true},"in2DMode":false,"pivot":{"x":-1.5616347789764405,"y":3.0242185592651369,"z":1.5351669788360596},"rotation":{"x":0.0186750628054142,"y":0.1556362509727478,"z":-0.00291277002543211,"w":0.9876735806465149},"size":3.9216957092285158,"orthographic":false}