{"cameraMode":{"drawMode":0,"name":"Shaded","section":"Shading Mode"},"sceneLighting":false,"audioPlay":false,"sceneViewState":{"showFog":true,"showMaterialUpdate":false,"showSkybox":false,"showFlares":true,"showImageEffects":true,"showParticleSystems":true},"in2DMode":false,"pivot":{"x":-0.08238649368286133,"y":2.0,"z":-1.9176111221313477},"rotation":{"x":-0.04258294403553009,"y":-0.9314621090888977,"z":0.1201741173863411,"w":-0.34148114919662478},"size":3.5598702430725099,"orthographic":false}