{"cameraMode":{"drawMode":0,"name":"Shaded","section":"Shading Mode"},"sceneLighting":false,"audioPlay":false,"sceneViewState":{"showFog":true,"showMaterialUpdate":false,"showSkybox":false,"showFlares":true,"showImageEffects":true,"showParticleSystems":true},"in2DMode":false,"pivot":{"x":0.021408557891845704,"y":1.074971318244934,"z":0.0005441904067993164},"rotation":{"x":0.10227907449007034,"y":0.3698727786540985,"z":-0.04097447916865349,"w":0.9225680232048035},"size":1.9772979021072388,"orthographic":false}