{"cameraMode":{"drawMode":0,"name":"Shaded","section":"Shading Mode"},"sceneLighting":false,"audioPlay":false,"sceneViewState":{"showFog":true,"showMaterialUpdate":false,"showSkybox":false,"showFlares":true,"showImageEffects":true,"showParticleSystems":true},"in2DMode":false,"pivot":{"x":0.002883128821849823,"y":-0.039678044617176059,"z":-0.011216133832931519},"rotation":{"x":0.022880401462316514,"y":0.6307963728904724,"z":-0.018860913813114167,"w":0.7756779789924622},"size":0.11730849742889404,"orthographic":false}