{"cameraMode":{"drawMode":0,"name":"Shaded","section":"Shading Mode"},"sceneLighting":false,"audioPlay":false,"sceneViewState":{"showFog":true,"showMaterialUpdate":false,"showSkybox":false,"showFlares":true,"showImageEffects":true,"showParticleSystems":true},"in2DMode":false,"pivot":{"x":1.1920928955078126e-7,"y":0.5426108837127686,"z":0.0},"rotation":{"x":-0.07754006236791611,"y":-0.7981006503105164,"z":0.10861865431070328,"w":-0.5880022644996643},"size":1.5917202234268189,"orthographic":false}