{"cameraMode":{"drawMode":0,"name":"Shaded","section":"Shading Mode"},"sceneLighting":false,"audioPlay":false,"sceneViewState":{"showFog":true,"showMaterialUpdate":false,"showSkybox":false,"showFlares":true,"showImageEffects":true,"showParticleSystems":true},"in2DMode":false,"pivot":{"x":0.004937946796417236,"y":0.4904673397541046,"z":-0.025413870811462404},"rotation":{"x":0.10227907449007034,"y":0.3698727786540985,"z":-0.04097447916865349,"w":0.9225680232048035},"size":0.7350813746452332,"orthographic":false}