{"cameraMode":{"drawMode":0,"name":"Shaded","section":"Shading Mode"},"sceneLighting":false,"audioPlay":false,"sceneViewState":{"showFog":true,"showMaterialUpdate":false,"showSkybox":true,"showFlares":true,"showImageEffects":true,"showParticleSystems":true},"in2DMode":false,"pivot":{"x":6.272647857666016,"y":0.5849027037620544,"z":2.6555702686309816},"rotation":{"x":0.01164774689823389,"y":0.5751627683639526,"z":0.008976249024271965,"w":-0.8182769417762756},"size":3.6667537689208986,"orthographic":false}