{"cameraMode":{"drawMode":0,"name":"Shaded","section":"Shading Mode"},"sceneLighting":true,"audioPlay":false,"sceneViewState":{"showFog":true,"showMaterialUpdate":true,"showSkybox":true,"showFlares":true,"showImageEffects":true,"showParticleSystems":true},"in2DMode":false,"pivot":{"x":12.973953247070313,"y":6.038407325744629,"z":-3.2427616119384767},"rotation":{"x":0.3103578984737396,"y":-0.005856802687048912,"z":-0.0004373870906420052,"w":0.9514365792274475},"size":0.36675411462783816,"orthographic":false}