{"cameraMode":{"drawMode":0,"name":"Shaded","section":"Shading Mode"},"sceneLighting":false,"audioPlay":false,"sceneViewState":{"showFog":true,"showMaterialUpdate":true,"showSkybox":false,"showFlares":true,"showImageEffects":true,"showParticleSystems":true},"in2DMode":false,"pivot":{"x":1.272052526473999,"y":1.5278278589248658,"z":0.0},"rotation":{"x":0.02698459103703499,"y":-0.89533931016922,"z":0.44282618165016177,"w":0.05484335124492645},"size":2.1717214584350588,"orthographic":false}