{"cameraMode":{"drawMode":0,"name":"Shaded","section":"Shading Mode"},"sceneLighting":false,"audioPlay":false,"sceneViewState":{"showFog":false,"showMaterialUpdate":false,"showSkybox":false,"showFlares":false,"showImageEffects":false,"showParticleSystems":false},"in2DMode":false,"pivot":{"x":-0.000004291534423828125,"y":1.999999761581421,"z":0.000009059906005859375},"rotation":{"x":0.16657447814941407,"y":-0.7485002875328064,"z":0.20501591265201569,"w":0.6083754301071167},"size":8.727031707763672,"orthographic":false}