{"cameraMode":{"drawMode":0,"name":"Shaded","section":"Shading Mode"},"sceneLighting":false,"audioPlay":false,"sceneViewState":{"showFog":true,"showMaterialUpdate":true,"showSkybox":false,"showFlares":true,"showImageEffects":true,"showParticleSystems":true},"in2DMode":false,"pivot":{"x":0.9710695743560791,"y":1.999999761581421,"z":0.9729244709014893},"rotation":{"x":-0.1938927322626114,"y":-0.07100360840559006,"z":0.01097121648490429,"w":-0.978998601436615},"size":3.560040235519409,"orthographic":false}