{"cameraMode":{"drawMode":0,"name":"Shaded","section":"Shading Mode"},"sceneLighting":false,"audioPlay":false,"sceneViewState":{"showFog":true,"showMaterialUpdate":true,"showSkybox":false,"showFlares":true,"showImageEffects":true,"showParticleSystems":true},"in2DMode":false,"pivot":{"x":24.413618087768556,"y":1.3948596715927125,"z":-4.836360454559326},"rotation":{"x":-0.35816463828086855,"y":-0.6098991632461548,"z":0.354958713054657,"w":-0.6119521856307983},"size":2.533923864364624,"orthographic":false}