{"cameraMode":{"drawMode":0,"name":"Shaded","section":"Shading Mode"},"sceneLighting":false,"audioPlay":false,"sceneViewState":{"showFog":true,"showMaterialUpdate":true,"showSkybox":false,"showFlares":true,"showImageEffects":true,"showParticleSystems":true},"in2DMode":false,"pivot":{"x":-2.384185791015625e-7,"y":2.000004768371582,"z":0.000004649162292480469},"rotation":{"x":-0.08816404640674591,"y":0.6937124133110046,"z":-0.08581865578889847,"w":-0.7101356387138367},"size":3.5640439987182619,"orthographic":false}