{"cameraMode":{"drawMode":0,"name":"Shaded","section":"Shading Mode"},"sceneLighting":false,"audioPlay":false,"sceneViewState":{"showFog":true,"showMaterialUpdate":true,"showSkybox":false,"showFlares":true,"showImageEffects":true,"showParticleSystems":true},"in2DMode":false,"pivot":{"x":19.269054412841798,"y":1.3948596715927125,"z":-4.840000152587891},"rotation":{"x":0.13592343032360078,"y":0.8049383759498596,"z":-0.19901591539382935,"w":0.5428764820098877},"size":2.534929037094116,"orthographic":false}