{"cameraMode":{"drawMode":0,"name":"Shaded","section":"Shading Mode"},"sceneLighting":false,"audioPlay":false,"sceneViewState":{"showFog":true,"showMaterialUpdate":true,"showSkybox":false,"showFlares":true,"showImageEffects":true,"showParticleSystems":true},"in2DMode":false,"pivot":{"x":8.344650268554688e-7,"y":1.999999761581421,"z":-0.8088865876197815},"rotation":{"x":0.41762277483940127,"y":0.44463810324668887,"z":-0.2410210371017456,"w":0.7556455731391907},"size":2.968972682952881,"orthographic":false}