{"cameraMode":{"drawMode":0,"name":"Shaded","section":"Shading Mode"},"sceneLighting":false,"audioPlay":false,"sceneViewState":{"showFog":false,"showMaterialUpdate":false,"showSkybox":false,"showFlares":false,"showImageEffects":false,"showParticleSystems":false},"in2DMode":false,"pivot":{"x":-0.0000034570693969726564,"y":0.09401369839906693,"z":-1.1920928955078126e-7},"rotation":{"x":0.33827218413352969,"y":0.5328961610794067,"z":-0.2448989301919937,"w":0.7359809279441834},"size":3.130128860473633,"orthographic":false}